{
  "run_id": "916f463350b3402f9e357ec1dd6e236d",
  "run_name": "train_20251208_162703",
  "timestamp": "2025-12-08T16:27:12.714994",
  "test_metrics": {
    "mae": 65798.09064524058,
    "rmse": 133528.5587608362,
    "r2": 0.8820593744990812,
    "mape": 12.037181445521348
  },
  "cv_metrics": {
    "cv_mae_mean": 63062.46917324277,
    "cv_mae_std": 1833.6919282086035
  },
  "parameters": {
    "n_estimators": 500,
    "max_depth": 6,
    "learning_rate": 0.05,
    "subsample": 0.8,
    "colsample_bytree": 0.8,
    "min_child_weight": 3,
    "gamma": 0.1,
    "reg_alpha": 0.1,
    "reg_lambda": 1.0
  }
}