{
  "timestamp": "2025-12-08T13:19:56.703079",
  "baseline": {
    "name": "V2.5 Baseline (Single Model)",
    "mae": 67078.87462771802,
    "rmse": 135141.94700456443,
    "r2": 0.8791920688872094,
    "mape": 12.246752199030986
  },
  "tiered": {
    "name": "V2.7 Tiered System",
    "mae": 69005.81547825584,
    "rmse": 138623.06222271902,
    "r2": 0.8728881380397113,
    "mape": 12.509040764710127
  },
  "improvement": {
    "mae_pct": -2.872649341886219,
    "rmse_pct": -2.575895416126435,
    "r2_pct": -0.7170140712798848
  },
  "tier_analysis": {
    "tier_lower": {
      "count": 2104,
      "mae": 38260.46607652091,
      "r2": 0.47767685145790073,
      "price_range": "$82,500 - $449,950"
    },
    "tier_higher": {
      "count": 2219,
      "mae": 98157.7826442091,
      "r2": 0.8168402060907162,
      "price_range": "$450,000 - $5,570,000"
    },
    "routing_accuracy": 0.9192690261392551,
    "misrouted": {
      "count": 349,
      "mae": 119277.09634670487,
      "pct_of_total": 8.073097386074485
    }
  },
  "test_samples": 4323
}