{
  "timestamp": "2025-12-08T09:23:57.557430",
  "version": "v2.5",
  "data": {
    "n_samples": 21613,
    "n_features": 43
  },
  "kfold_cv": {
    "k_folds": 5,
    "mae": {
      "mean": 63529.120545985876,
      "std": 2150.099775162778,
      "min": 61357.87283086534,
      "max": 66942.81867698937,
      "all_folds": [
        66942.81867698937,
        65118.41014992482,
        62438.65523074254,
        61357.87283086534,
        61787.84584140733
      ]
    },
    "r2": {
      "mean": 0.8945053295704499,
      "std": 0.016790826086480498,
      "min": 0.8676304060063681,
      "max": 0.917591788322606,
      "all_folds": [
        0.8676304060063681,
        0.8857838272840682,
        0.9009826512744482,
        0.917591788322606,
        0.9005379749647588
      ]
    },
    "rmse": {
      "mean": 119037.73876922212,
      "std": 14312.13180126129,
      "min": 103988.77983886923,
      "max": 141460.9487552385,
      "all_folds": [
        141460.9487552385,
        129904.0123168297,
        112206.55955981337,
        103988.77983886923,
        107628.39337535982
      ]
    }
  },
  "bootstrap_ci": {
    "n_bootstrap": 500,
    "confidence_level": 0.95,
    "mae": {
      "mean": 67063.76163444077,
      "std": 1763.587564688147,
      "ci_lower": 63503.876730207616,
      "ci_upper": 70209.83092362074,
      "median": 67217.12856740112
    },
    "r2": {
      "mean": 0.8790593655928159,
      "std": 0.018057987297539983,
      "ci_lower": 0.841639968014674,
      "ci_upper": 0.9129716148191144,
      "median": 0.8808302643124758
    },
    "rmse": {
      "mean": 134825.7370469772,
      "std": 10028.884141521952,
      "ci_lower": 114673.21787531994,
      "ci_upper": 152944.0674791124,
      "median": 134873.04864638916
    }
  },
  "log_transform": {
    "normal": {
      "mae_mean": 63529.120545985876,
      "mae_std": 2150.099775162778,
      "high_value_mae_mean": 231831.76054153964
    },
    "log_transform": {
      "mae_mean": 64134.98520409908,
      "mae_std": 1552.5150065908385,
      "high_value_mae_mean": 241788.39778570668
    },
    "comparison": {
      "mae_difference": 605.8646581132052,
      "mae_improvement_pct": -0.9536802224023344,
      "high_value_improvement_pct": -4.294768422113159
    }
  },
  "residual_analysis": {
    "basic_stats": {
      "mean_residual": 735.1334685114504,
      "median_residual": -1929.65625,
      "std_residual": 135139.94753206018,
      "skewness": -3.304567177497148,
      "kurtosis": 94.62096796289244,
      "mean_pct_error": -2.4380598089462113,
      "median_pct_error": -0.43707333948339483
    },
    "percentiles": {
      "5th": -135154.078125,
      "25th": -38091.703125,
      "50th": -1929.65625,
      "75th": 35933.703125,
      "95th": 152194.8187499999
    },
    "error_distribution": {
      "within_10k": 15.22091140411751,
      "within_25k": 37.450844321073326,
      "within_50k": 60.76798519546611,
      "within_100k": 82.62780476520935,
      "over_200k": 5.66736062919269
    },
    "by_price_range": {
      "under_300k": {
        "count": 888,
        "mae": 37000.65772804054,
        "mean_residual": -21362.188802083332,
        "std_residual": 50135.32953895097,
        "mean_pct_error": -10.832810106673744,
        "bias": "overpredict"
      },
      "300k_to_500k": {
        "count": 1555,
        "mae": 41346.591850884244,
        "mean_residual": -9515.452361334404,
        "std_residual": 59476.51747878075,
        "mean_pct_error": -2.4841890386305985,
        "bias": "overpredict"
      },
      "500k_to_750k": {
        "count": 1130,
        "mae": 60356.16615044248,
        "mean_residual": 7602.756028761062,
        "std_residual": 84875.10794830421,
        "mean_pct_error": 1.1917356247723163,
        "bias": "underpredict"
      },
      "750k_to_1m": {
        "count": 424,
        "mae": 108407.43867924529,
        "mean_residual": -445.06485849056605,
        "std_residual": 211757.69221472,
        "mean_pct_error": 0.04039297534525866,
        "bias": "overpredict"
      },
      "over_1m": {
        "count": 326,
        "mae": 241301.28489263804,
        "mean_residual": 87551.31058282209,
        "std_residual": 354447.53746047243,
        "mean_pct_error": 4.8433401784763435,
        "bias": "underpredict"
      }
    },
    "normality_test": {
      "test": "D'Agostino-Pearson",
      "p_value": 0.0,
      "is_normal": 