{
  "timestamp": "2025-12-08T13:34:10.893349",
  "config": {
    "low_zone_percentile": 25,
    "high_zone_percentile": 75,
    "thresholds": {
      "low": 321950.0,
      "high": 645000.0
    }
  },
  "baseline_metrics": {
    "mae": 65798.09064524058,
    "rmse": 133528.5587608362,
    "r2": 0.8820593744990812,
    "mape": 12.037181445521348
  },
  "hybrid_metrics": {
    "mae": 69049.59184883183,
    "rmse": 136459.8491413726,
    "r2": 0.8768243458288225,
    "mape": 12.503349474651998
  },
  "zone_results": {
    "zone_0": {
      "name": "Low",
      "n_samples": 1065,
      "mae": 34796.18073650235,
      "r2": -0.19050414571713636
    },
    "zone_1": {
      "name": "Middle",
      "n_samples": 2129,
      "mae": 51125.75562910991,
      "r2": 0.2915752957574451
    },
    "zone_2": {
      "name": "High",
      "n_samples": 1129,
      "mae": 135160.95601749336,
      "r2": 0.7797325878608379
    },
    "routing": {
      "accuracy": 0.8572750404811473,
      "n_correct": 3706,
      "n_misrouted": 617,
      "misrouted_pct": 14.272495951885263,
      "misrouted_mae": 110657.79958468395,
      "correct_mae": 62122.375396316784
    },
    "misroute_breakdown": {
      "Low_to_Middle": {
        "count": 182,
        "mae": 71855.91234546703
      },
      "Low_to_High": {
        "count": 2,
        "mae": 428114.1875
      },
      "Middle_to_Low": {
        "count": 154,
        "mae": 87502.86211444806
      },
      "Middle_to_High": {
        "count": 105,
        "mae": 187694.75654761904
      },
      "High_to_Middle": {
        "count": 174,
        "mae": 121600.3891882184
      }
    }
  },
  "baseline_by_zone": {
    "0": {
      "mae": 35942.27335680751,
      "r2": -0.18772344395855312
    },
    "1": {
      "mae": 46113.936186296385,
      "r2": 0.45573221550748655
    },
    "2": {
      "mae": 131080.65065876883,
      "r2": 0.7815768637644294
    }
  },
  "improvement_pct": -4.941634584994518
}